{
  "name": "lol-pack",
  "version": "1.0.0",
  "characters": [
    {
      "id": 101,
      "name": "Aatrox",
      "image": "aatrox.png"
    },
    {
      "id": 102,
      "name": "Ahri",
      "image": "ahri.png"
    },
    {
      "id": 103,
      "name": "Akali",
      "image": "akali.png"
    },
    {
      "id": 104,
      "name": "Akshan",
      "image": "akshan.png"
    },
    {
      "id": 105,
      "name": "Alistar",
      "image": "alistar.png"
    },
    {
      "id": 106,
      "name": "Amumu",
      "image": "amumu.png"
    },
    {
      "id": 107,
      "name": "Anivia",
      "image": "anivia.png"
    },
    {
      "id": 108,
      "name": "Annie",
      "image": "annie.png"
    },
    {
      "id": 109,
      "name": "Aphelios",
      "image": "aphelios.png"
    },
    {
      "id": 110,
      "name": "Ashe",
      "image": "ashe.png"
    },
    {
      "id": 111,
      "name": "Aurelion-sol",
      "image": "aurelion-sol.png"
    },
    {
      "id": 112,
      "name": "Azir",
      "image": "azir.png"
    },
    {
      "id": 113,
      "name": "Bard",
      "image": "bard.png"
    },
    {
      "id": 114,
      "name": "Belveth",
      "image": "belveth.png"
    },
    {
      "id": 115,
      "name": "Blitzcrank",
      "image": "blitzcrank.png"
    },
    {
      "id": 116,
      "name": "Brand",
      "image": "brand.png"
    },
    {
      "id": 117,
      "name": "Braum",
      "image": "braum.png"
    },
    {
      "id": 118,
      "name": "Caitlyn",
      "image": "caitlyn.png"
    },
    {
      "id": 119,
      "name": "Camille",
      "image": "camille.png"
    },
    {
      "id": 120,
      "name": "Cassiopeia",
      "image": "cassiopeia.png"
    },
    {
      "id": 121,
      "name": "Chogath",
      "image": "chogath.png"
    },
    {
      "id": 122,
      "name": "Corki",
      "image": "corki.png"
    },
    {
      "id": 123,
      "name": "Darius",
      "image": "darius.png"
    },
    {
      "id": 124,
      "name": "Diana",
      "image": "diana.png"
    },
    {
      "id": 125,
      "name": "Draven",
      "image": "draven.png"
    },
    {
      "id": 126,
      "name": "Dr-mundo",
      "image": "dr-mundo.png"
    },
    {
      "id": 127,
      "name": "Ekko",
      "image": "ekko.png"
    },
    {
      "id": 128,
      "name": "Elise",
      "image": "elise.png"
    },
    {
      "id": 129,
      "name": "Evelynn",
      "image": "evelynn.png"
    },
    {
      "id": 130,
      "name": "Ezreal",
      "image": "ezreal.png"
    },
    {
      "id": 131,
      "name": "Fiddlesticks",
      "image": "fiddlesticks.png"
    },
    {
      "id": 132,
      "name": "Fiora",
      "image": "fiora.png"
    },
    {
      "id": 133,
      "name": "Fizz",
      "image": "fizz.png"
    },
    {
      "id": 134,
      "name": "Galio",
      "image": "galio.png"
    },
    {
      "id": 135,
      "name": "Gangplank",
      "image": "gangplank.png"
    },
    {
      "id": 136,
      "name": "Garen",
      "image": "garen.png"
    },
    {
      "id": 137,
      "name": "Gnar",
      "image": "gnar.png"
    },
    {
      "id": 138,
      "name": "Gragas",
      "image": "gragas.png"
    },
    {
      "id": 139,
      "name": "Graves",
      "image": "graves.png"
    },
    {
      "id": 140,
      "name": "Gwen",
      "image": "gwen.png"
    },
    {
      "id": 141,
      "name": "Hecarim",
      "image": "hecarim.png"
    },
    {
      "id": 142,
      "name": "Heimer",
      "image": "heimer.png"
    },
    {
      "id": 143,
      "name": "Illaoi",
      "image": "illaoi.png"
    },
    {
      "id": 144,
      "name": "Irelia",
      "image": "irelia.png"
    },
    {
      "id": 145,
      "name": "Ivern",
      "image": "ivern.png"
    },
    {
      "id": 146,
      "name": "Janna",
      "image": "janna.png"
    },
    {
      "id": 147,
      "name": "Jarvan-iv",
      "image": "jarvan-iv.png"
    },
    {
      "id": 148,
      "name": "Jax",
      "image": "jax.png"
    },
    {
      "id": 149,
      "name": "Jayce",
      "image": "jayce.png"
    },
    {
      "id": 150,
      "name": "Jhin",
      "image": "jhin.png"
    },
    {
      "id": 151,
      "name": "Jinx",
      "image": "jinx.png"
    },
    {
      "id": 152,
      "name": "Kaisa",
      "image": "kaisa.png"
    },
    {
      "id": 153,
      "name": "Kalista",
      "image": "kalista.png"
    },
    {
      "id": 154,
      "name": "Karma",
      "image": "karma.png"
    },
    {
      "id": 155,
      "name": "Karthus",
      "image": "karthus.png"
    },
    {
      "id": 156,
      "name": "Kassadin",
      "image": "kassadin.png"
    },
    {
      "id": 157,
      "name": "Katarina",
      "image": "katarina.png"
    },
    {
      "id": 158,
      "name": "Kayle",
      "image": "kayle.png"
    },
    {
      "id": 159,
      "name": "Kayn",
      "image": "kayn.png"
    },
    {
      "id": 160,
      "name": "Kennen",
      "image": "kennen.png"
    },
    {
      "id": 161,
      "name": "Khazix",
      "image": "khazix.png"
    },
    {
      "id": 162,
      "name": "Kindred",
      "image": "kindred.png"
    },
    {
      "id": 163,
      "name": "Kled",
      "image": "kled.png"
    },
    {
      "id": 164,
      "name": "Kogmaw",
      "image": "kogmaw.png"
    },
    {
      "id": 165,
      "name": "Ksante",
      "image": "ksante.png"
    },
    {
      "id": 166,
      "name": "Leblanc",
      "image": "leblanc.png"
    },
    {
      "id": 167,
      "name": "Lee-sin",
      "image": "lee-sin.png"
    },
    {
      "id": 168,
      "name": "Leona",
      "image": "leona.png"
    },
    {
      "id": 169,
      "name": "Lillia",
      "image": "lillia.png"
    },
    {
      "id": 170,
      "name": "Lissandra",
      "image": "lissandra.png"
    },
    {
      "id": 171,
      "name": "Lucian",
      "image": "lucian.png"
    },
    {
      "id": 172,
      "name": "Lulu",
      "image": "lulu.png"
    },
    {
      "id": 173,
      "name": "Lux",
      "image": "lux.png"
    },
    {
      "id": 174,
      "name": "Malphite",
      "image": "malphite.png"
    },
    {
      "id": 175,
      "name": "Malzahar",
      "image": "malzahar.png"
    },
    {
      "id": 176,
      "name": "Maokai",
      "image": "maokai.png"
    },
    {
      "id": 177,
      "name": "Master-yi",
      "image": "master-yi.png"
    },
    {
      "id": 178,
      "name": "Millio",
      "image": "millio.png"
    },
    {
      "id": 179,
      "name": "Miss-fortune",
      "image": "miss-fortune.png"
    },
    {
      "id": 180,
      "name": "Mordekaiser",
      "image": "mordekaiser.png"
    },
    {
      "id": 181,
      "name": "Morgana",
      "image": "morgana.png"
    },
    {
      "id": 182,
      "name": "Naafiri",
      "image": "naafiri.png"
    },
    {
      "id": 183,
      "name": "Nami",
      "image": "nami.png"
    },
    {
      "id": 184,
      "name": "Nasus",
      "image": "nasus.png"
    },
    {
      "id": 185,
      "name": "Nautilus",
      "image": "nautilus.png"
    },
    {
      "id": 186,
      "name": "Neeko",
      "image": "neeko.png"
    },
    {
      "id": 187,
      "name": "Nidalee",
      "image": "nidalee.png"
    },
    {
      "id": 188,
      "name": "Nilah",
      "image": "nilah.png"
    },
    {
      "id": 189,
      "name": "Nocturne",
      "image": "nocturne.png"
    },
    {
      "id": 190,
      "name": "Nunu",
      "image": "nunu.png"
    },
    {
      "id": 191,
      "name": "Olaf",
      "image": "olaf.png"
    },
    {
      "id": 192,
      "name": "Orianna",
      "image": "orianna.png"
    },
    {
      "id": 193,
      "name": "Ornn",
      "image": "ornn.png"
    },
    {
      "id": 194,
      "name": "Pantheon",
      "image": "pantheon.png"
    },
    {
      "id": 195,
      "name": "Poppy",
      "image": "poppy.png"
    },
    {
      "id": 196,
      "name": "Pyke",
      "image": "pyke.png"
    },
    {
      "id": 197,
      "name": "Qiyana",
      "image": "qiyana.png"
    },
    {
      "id": 198,
      "name": "Quinn",
      "image": "quinn.png"
    },
    {
      "id": 199,
      "name": "Rakan",
      "image": "rakan.png"
    },
    {
      "id": 200,
      "name": "Rammus",
      "image": "rammus.png"
    },
    {
      "id": 201,
      "name": "Reksai",
      "image": "reksai.png"
    },
    {
      "id": 202,
      "name": "Rell",
      "image": "rell.png"
    },
    {
      "id": 203,
      "name": "Renata-glasc",
      "image": "renata-glasc.png"
    },
    {
      "id": 204,
      "name": "Renekton",
      "image": "renekton.png"
    },
    {
      "id": 205,
      "name": "Rengar",
      "image": "rengar.png"
    },
    {
      "id": 206,
      "name": "Riven",
      "image": "riven.png"
    },
    {
      "id": 207,
      "name": "Rumble",
      "image": "rumble.png"
    },
    {
      "id": 208,
      "name": "Ryze",
      "image": "ryze.png"
    },
    {
      "id": 209,
      "name": "Samira",
      "image": "samira.png"
    },
    {
      "id": 210,
      "name": "Sejuani",
      "image": "sejuani.png"
    },
    {
      "id": 211,
      "name": "Senna",
      "image": "senna.png"
    },
    {
      "id": 212,
      "name": "Seraphine",
      "image": "seraphine.png"
    },
    {
      "id": 213,
      "name": "Sett",
      "image": "sett.png"
    },
    {
      "id": 214,
      "name": "Shaco",
      "image": "shaco.png"
    },
    {
      "id": 215,
      "name": "Shen",
      "image": "shen.png"
    },
    {
      "id": 216,
      "name": "Shyvana",
      "image": "shyvana.png"
    },
    {
      "id": 217,
      "name": "Singed",
      "image": "singed.png"
    },
    {
      "id": 218,
      "name": "Sion",
      "image": "sion.png"
    },
    {
      "id": 219,
      "name": "Sivir",
      "image": "sivir.png"
    },
    {
      "id": 220,
      "name": "Skarner",
      "image": "skarner.png"
    },
    {
      "id": 221,
      "name": "Sona",
      "image": "sona.png"
    },
    {
      "id": 222,
      "name": "Soraka",
      "image": "soraka.png"
    },
    {
      "id": 223,
      "name": "Swain",
      "image": "swain.png"
    },
    {
      "id": 224,
      "name": "Sylas",
      "image": "sylas.png"
    },
    {
      "id": 225,
      "name": "Syndra",
      "image": "syndra.png"
    },
    {
      "id": 226,
      "name": "Tahm-kench",
      "image": "tahm-kench.png"
    },
    {
      "id": 227,
      "name": "Taliyah",
      "image": "taliyah.png"
    },
    {
      "id": 228,
      "name": "Talon",
      "image": "talon.png"
    },
    {
      "id": 229,
      "name": "Taric",
      "image": "taric.png"
    },
    {
      "id": 230,
      "name": "Teemo",
      "image": "teemo.png"
    },
    {
      "id": 231,
      "name": "Thresh",
      "image": "thresh.png"
    },
    {
      "id": 232,
      "name": "Tristana",
      "image": "tristana.png"
    },
    {
      "id": 233,
      "name": "Trundle",
      "image": "trundle.png"
    },
    {
      "id": 234,
      "name": "Tryndamere",
      "image": "tryndamere.png"
    },
    {
      "id": 235,
      "name": "Twisted-fate",
      "image": "twisted-fate.png"
    },
    {
      "id": 236,
      "name": "Twitch",
      "image": "twitch.png"
    },
    {
      "id": 237,
      "name": "Udyr",
      "image": "udyr.png"
    },
    {
      "id": 238,
      "name": "Urgot",
      "image": "urgot.png"
    },
    {
      "id": 239,
      "name": "Varus",
      "image": "varus.png"
    },
    {
      "id": 240,
      "name": "Vayne",
      "image": "vayne.png"
    },
    {
      "id": 241,
      "name": "Veigar",
      "image": "veigar.png"
    },
    {
      "id": 242,
      "name": "Velkoz",
      "image": "velkoz.png"
    },
    {
      "id": 243,
      "name": "Vex",
      "image": "vex.png"
    },
    {
      "id": 244,
      "name": "Vi",
      "image": "vi.png"
    },
    {
      "id": 245,
      "name": "Viego",
      "image": "viego.png"
    },
    {
      "id": 246,
      "name": "Viktor",
      "image": "viktor.png"
    },
    {
      "id": 247,
      "name": "Vladimir",
      "image": "vladimir.png"
    },
    {
      "id": 248,
      "name": "Volibear",
      "image": "volibear.png"
    },
    {
      "id": 249,
      "name": "Warwick",
      "image": "warwick.png"
    },
    {
      "id": 250,
      "name": "Weebfox",
      "image": "Weebfox.jpg"
    },
    {
      "id": 251,
      "name": "Wukong",
      "image": "wukong.png"
    },
    {
      "id": 252,
      "name": "Xayah",
      "image": "xayah.png"
    },
    {
      "id": 253,
      "name": "Xerath",
      "image": "xerath.png"
    },
    {
      "id": 254,
      "name": "Xin-zhao",
      "image": "xin-zhao.png"
    },
    {
      "id": 255,
      "name": "Yasuo",
      "image": "yasuo.png"
    },
    {
      "id": 256,
      "name": "Yone",
      "image": "yone.png"
    },
    {
      "id": 257,
      "name": "Yorick",
      "image": "yorick.png"
    },
    {
      "id": 258,
      "name": "Yuumi",
      "image": "yuumi.png"
    },
    {
      "id": 259,
      "name": "Zac",
      "image": "zac.png"
    },
    {
      "id": 260,
      "name": "Zed",
      "image": "zed.png"
    },
    {
      "id": 261,
      "name": "Zeri",
      "image": "zeri.png"
    },
    {
      "id": 262,
      "name": "Ziggs",
      "image": "ziggs.png"
    },
    {
      "id": 263,
      "name": "Zilean",
      "image": "zilean.png"
    },
    {
      "id": 264,
      "name": "Zoe",
      "image": "zoe.png"
    },
    {
      "id": 265,
      "name": "Zyra",
      "image": "zyra.png"
    },
    {
      "id": 266,
      "name": "Briar",
      "image": "zzzzz-1694683088briar.png"
    },
    {
      "id": 267,
      "name": "Hwei",
      "image": "zzzzz-1701970943hwei.png"
    },
    {
      "id": 268,
      "name": "Smolder",
      "image": "zzzzz-1712326409smolder.png"
    },
    {
      "id": 269,
      "name": "Ambessa",
      "image": "zzzzz-1733858696ambessa.png"
    },
    {
      "id": 270,
      "name": "Aurora",
      "image": "zzzzz-1733858696aurora.png"
    },
    {
      "id": 271,
      "name": "Skarner-vgu",
      "image": "zzzzz-1733859797skarner-vgu.png"
    },
    {
      "id": 272,
      "name": "Teemo-vu",
      "image": "zzzzz-1733859797teemo-vu.png"
    },
    {
      "id": 273,
      "name": "Mel",
      "image": "zzzzz-1751401342mel.png"
    },
    {
      "id": 274,
      "name": "Yunara-icon",
      "image": "zzzzz-1756291183yunara-icon.png"
    }
  ]
}