{
  "name": "movies-pack",
  "version": "1.0.0",
  "characters": [
    {
      "id": 101,
      "name": "10 things i hate about you",
      "image": "10 things i hate about you.png"
    },
    {
      "id": 102,
      "name": "1917",
      "image": "1917.png"
    },
    {
      "id": 103,
      "name": "Almost famous",
      "image": "almost famous.png"
    },
    {
      "id": 104,
      "name": "Amelie poulain",
      "image": "amelie poulain.png"
    },
    {
      "id": 105,
      "name": "American honey",
      "image": "american honey.png"
    },
    {
      "id": 106,
      "name": "American psycho",
      "image": "american psycho.png"
    },
    {
      "id": 107,
      "name": "Arrival",
      "image": "arrival.png"
    },
    {
      "id": 108,
      "name": "Atonement",
      "image": "atonement.png"
    },
    {
      "id": 109,
      "name": "Baby driver",
      "image": "baby driver.png"
    },
    {
      "id": 110,
      "name": "Before midnight",
      "image": "before midnight.png"
    },
    {
      "id": 111,
      "name": "Before sunrise",
      "image": "before sunrise.png"
    },
    {
      "id": 112,
      "name": "Before sunset",
      "image": "before sunset.png"
    },
    {
      "id": 113,
      "name": "Black swan",
      "image": "black swan.png"
    },
    {
      "id": 114,
      "name": "Blade runner 2049",
      "image": "blade runner 2049.png"
    },
    {
      "id": 115,
      "name": "Blakkklansman",
      "image": "blakkklansman.png"
    },
    {
      "id": 116,
      "name": "Booksmart",
      "image": "booksmart.png"
    },
    {
      "id": 117,
      "name": "Boyhood",
      "image": "boyhood.png"
    },
    {
      "id": 118,
      "name": "Brokeback mountain",
      "image": "brokeback mountain.png"
    },
    {
      "id": 119,
      "name": "Call me by your name",
      "image": "call me by your name.png"
    },
    {
      "id": 120,
      "name": "Chungking express",
      "image": "chungking express.png"
    },
    {
      "id": 121,
      "name": "Coraline",
      "image": "coraline.png"
    },
    {
      "id": 122,
      "name": "Dead poets society",
      "image": "dead poets society.png"
    },
    {
      "id": 123,
      "name": "Donnie darko",
      "image": "donnie darko.png"
    },
    {
      "id": 124,
      "name": "Edward scissorhands",
      "image": "edward scissorhands.png"
    },
    {
      "id": 125,
      "name": "Eight grade",
      "image": "eight grade.png"
    },
    {
      "id": 126,
      "name": "Emma.",
      "image": "emma..png"
    },
    {
      "id": 127,
      "name": "Eternal sunshine of the spotless mind",
      "image": "eternal sunshine of the spotless mind.png"
    },
    {
      "id": 128,
      "name": "Fantastic mr. fox",
      "image": "fantastic mr. fox.png"
    },
    {
      "id": 129,
      "name": "Favourite",
      "image": "favourite.png"
    },
    {
      "id": 130,
      "name": "Fight club",
      "image": "fight club.png"
    },
    {
      "id": 131,
      "name": "Get out",
      "image": "get out.png"
    },
    {
      "id": 132,
      "name": "God's own country",
      "image": "god's own country.png"
    },
    {
      "id": 133,
      "name": "Gone girl",
      "image": "gone girl.png"
    },
    {
      "id": 134,
      "name": "Good time",
      "image": "good time.png"
    },
    {
      "id": 135,
      "name": "Grand budapest hotel",
      "image": "grand budapest hotel.png"
    },
    {
      "id": 136,
      "name": "Her",
      "image": "her.png"
    },
    {
      "id": 137,
      "name": "Honey boy",
      "image": "honey boy.png"
    },
    {
      "id": 138,
      "name": "I, tonya",
      "image": "i, tonya.png"
    },
    {
      "id": 139,
      "name": "In the mood for love",
      "image": "in the mood for love.png"
    },
    {
      "id": 140,
      "name": "Inception",
      "image": "inception.png"
    },
    {
      "id": 141,
      "name": "Inglorious basterds",
      "image": "inglorious basterds.png"
    },
    {
      "id": 142,
      "name": "Interstellar",
      "image": "interstellar.png"
    },
    {
      "id": 143,
      "name": "Jojo rabbit",
      "image": "jojo rabbit.png"
    },
    {
      "id": 144,
      "name": "Kill bill",
      "image": "kill bill.png"
    },
    {
      "id": 145,
      "name": "Knives out",
      "image": "knives out.png"
    },
    {
      "id": 146,
      "name": "La la land",
      "image": "la la land.png"
    },
    {
      "id": 147,
      "name": "Lady bird",
      "image": "lady bird.png"
    },
    {
      "id": 148,
      "name": "Lion",
      "image": "lion.png"
    },
    {
      "id": 149,
      "name": "Little miss sunshine",
      "image": "little miss sunshine.png"
    },
    {
      "id": 150,
      "name": "Little women",
      "image": "little women.png"
    },
    {
      "id": 151,
      "name": "Lost in translation",
      "image": "lost in translation.png"
    },
    {
      "id": 152,
      "name": "Magnolia",
      "image": "magnolia.png"
    },
    {
      "id": 153,
      "name": "Mamma mia",
      "image": "mamma mia.png"
    },
    {
      "id": 154,
      "name": "Mid 90s",
      "image": "mid 90s.png"
    },
    {
      "id": 155,
      "name": "Mid sommar",
      "image": "mid sommar.png"
    },
    {
      "id": 156,
      "name": "Mommy",
      "image": "mommy.png"
    },
    {
      "id": 157,
      "name": "Moonlight",
      "image": "moonlight.png"
    },
    {
      "id": 158,
      "name": "My own private idaho",
      "image": "my own private idaho.png"
    },
    {
      "id": 159,
      "name": "Nightcrawler",
      "image": "nightcrawler.png"
    },
    {
      "id": 160,
      "name": "Okja",
      "image": "okja.png"
    },
    {
      "id": 161,
      "name": "Once upon a time in hollywood",
      "image": "once upon a time in hollywood.png"
    },
    {
      "id": 162,
      "name": "Parasite",
      "image": "parasite.png"
    },
    {
      "id": 163,
      "name": "Phantom thread",
      "image": "phantom thread.png"
    },
    {
      "id": 164,
      "name": "Portrait of a lady on fire",
      "image": "portrait of a lady on fire.png"
    },
    {
      "id": 165,
      "name": "Pride & prejudice",
      "image": "pride & prejudice.png"
    },
    {
      "id": 166,
      "name": "Prisoners",
      "image": "prisoners.png"
    },
    {
      "id": 167,
      "name": "Pulp fiction",
      "image": "pulp fiction.png"
    },
    {
      "id": 168,
      "name": "Punch drunk love",
      "image": "punch drunk love.png"
    },
    {
      "id": 169,
      "name": "Ready or not",
      "image": "ready or not.png"
    },
    {
      "id": 170,
      "name": "Scott pilgrim",
      "image": "scott pilgrim.png"
    },
    {
      "id": 171,
      "name": "Seven",
      "image": "seven.png"
    },
    {
      "id": 172,
      "name": "Shutter island",
      "image": "shutter island.png"
    },
    {
      "id": 173,
      "name": "Snowpiercer",
      "image": "snowpiercer.png"
    },
    {
      "id": 174,
      "name": "Suspiria",
      "image": "suspiria.png"
    },
    {
      "id": 175,
      "name": "Taxi driver",
      "image": "taxi driver.png"
    },
    {
      "id": 176,
      "name": "Tenet",
      "image": "tenet.png"
    },
    {
      "id": 177,
      "name": "The dark knight",
      "image": "the dark knight.png"
    },
    {
      "id": 178,
      "name": "The godfather",
      "image": "the godfather.png"
    },
    {
      "id": 179,
      "name": "The handmaiden",
      "image": "the handmaiden.png"
    },
    {
      "id": 180,
      "name": "The joker",
      "image": "the joker.png"
    },
    {
      "id": 181,
      "name": "The lighthouse",
      "image": "the lighthouse.png"
    },
    {
      "id": 182,
      "name": "The lobster",
      "image": "the lobster.png"
    },
    {
      "id": 183,
      "name": "The master",
      "image": "the master.png"
    },
    {
      "id": 184,
      "name": "The nice guys",
      "image": "the nice guys.png"
    },
    {
      "id": 185,
      "name": "The social network",
      "image": "the social network.png"
    },
    {
      "id": 186,
      "name": "The truman show",
      "image": "the truman show.png"
    },
    {
      "id": 187,
      "name": "The virgin suicides",
      "image": "the virgin suicides.png"
    },
    {
      "id": 188,
      "name": "There will be blood",
      "image": "there will be blood.png"
    },
    {
      "id": 189,
      "name": "Twilight",
      "image": "twilight.png"
    },
    {
      "id": 190,
      "name": "Uncut gems",
      "image": "uncut gems.png"
    },
    {
      "id": 191,
      "name": "Whiplash",
      "image": "whiplash.png"
    }
  ]
}